{"f1_train": 0.896882494004796, "f1_test": 0.8431372549019609}