{"f1_train": 0.9064885496183206, "f1_test": 0.8962962962962963}