{"f1_train": 0.9153153153153153, "f1_test": 0.8794788273615635}