{"f1_train": 0.9201030927835052, "f1_test": 0.8804347826086957}